epoch,time,train/box_loss,train/cls_loss,train/dfl_loss,metrics/precision(B),metrics/recall(B),metrics/mAP50(B),metrics/mAP50-95(B),val/box_loss,val/cls_loss,val/dfl_loss,lr/pg0,lr/pg1,lr/pg2
1,17.4968,1.75073,3.14013,1.87157,0.20393,0.47985,0.2689,0.10889,1.97354,3.82024,2.14045,0.000331224,0.000331224,0.000331224
2,28.7867,1.59012,2.2891,1.69952,0.61367,0.5209,0.52371,0.24449,1.70275,2.56469,1.9143,0.000445253,0.000445253,0.000445253
3,43.4563,1.54217,2.08994,1.64268,0.55459,0.5421,0.53661,0.24867,1.71812,2.41171,1.91077,0.000339283,0.000339283,0.000339283
